Time,Temperature,Humidity,Soil,CSI
2026-02-04 14:14:20,25.5,75.5,0.0,0.33
2026-02-04 14:14:23,25.5,75.6,0.0,0.33
2026-02-04 14:14:26,25.4,75.7,0.0,0.33
2026-02-04 14:14:29,25.5,75.7,0.0,0.33
2026-02-04 14:14:32,25.4,75.8,0.0,0.33
2026-02-04 14:14:35,25.5,75.8,0.0,0.33
2026-02-04 14:14:38,25.5,75.8,0.0,0.33
2026-02-04 14:14:41,25.5,75.8,0.0,0.33
2026-02-04 14:14:44,25.5,75.9,0.0,0.33
2026-02-04 14:14:47,25.5,75.9,0.0,0.33
2026-02-04 14:14:50,25.5,76.0,0.0,0.33
2026-02-04 14:14:53,25.5,76.2,0.0,0.33
2026-02-04 14:14:56,25.5,76.2,1.0,0.33
2026-02-04 14:14:59,25.5,76.3,15.0,0.33
2026-02-04 14:15:02,25.5,76.4,0.0,0.33
2026-02-04 14:15:05,25.5,76.4,0.0,0.33
2026-02-04 14:15:08,25.5,76.5,32.0,0.0
2026-02-04 14:15:11,25.5,76.5,0.0,0.33
2026-02-04 14:15:14,25.5,76.6,0.0,0.33
2026-02-04 14:15:17,25.5,76.8,0.0,0.33
2026-02-04 14:15:20,25.5,76.9,0.0,0.33
2026-02-04 14:15:23,25.5,77.0,0.0,0.33
2026-02-04 14:15:26,25.5,77.0,0.0,0.33
2026-02-04 14:15:29,25.5,77.0,0.0,0.33
2026-02-04 14:15:32,25.4,77.0,0.0,0.33
2026-02-04 14:15:35,25.5,77.0,0.0,0.33
2026-02-04 14:15:38,25.5,77.1,0.0,0.33
2026-02-04 14:15:41,25.5,77.0,0.0,0.33
2026-02-04 14:15:44,25.5,77.1,0.0,0.33
2026-02-04 14:15:47,25.5,77.1,0.0,0.33
2026-02-04 14:15:50,25.5,77.2,0.0,0.33
2026-02-04 14:15:53,25.5,77.2,0.0,0.33
2026-02-04 14:22:50,25.8,81.7,0.0,0.33
2026-02-04 14:22:53,25.8,81.8,0.0,0.33
2026-02-04 14:22:56,25.8,81.9,0.0,0.33
2026-02-04 14:23:00,25.8,81.9,0.0,0.33
2026-02-04 14:23:02,25.8,81.9,0.0,0.33
2026-02-04 14:23:05,25.8,81.9,0.0,0.33
2026-02-04 14:23:08,25.8,81.9,30.0,0.0
2026-02-04 14:23:11,25.8,81.9,0.0,0.33
2026-02-04 14:23:14,25.8,81.9,0.0,0.33
2026-02-04 14:23:17,25.8,82.0,0.0,0.33
2026-02-04 14:23:20,25.8,82.1,0.0,0.33
2026-02-04 14:23:23,25.8,82.2,0.0,0.33
2026-02-04 14:23:26,25.8,82.2,0.0,0.33
2026-02-04 14:23:29,25.8,82.3,0.0,0.33
2026-02-04 14:23:32,25.8,82.3,0.0,0.33
2026-02-04 14:23:35,25.8,82.3,0.0,0.33
2026-02-04 14:23:38,25.9,82.3,0.0,0.33
2026-02-04 14:23:41,25.8,82.3,0.0,0.33
2026-02-04 14:23:44,25.8,82.3,0.0,0.33
2026-02-04 14:23:47,25.9,82.4,0.0,0.33
2026-02-04 14:23:50,25.8,82.4,0.0,0.33
2026-02-04 14:23:53,25.8,82.4,0.0,0.33
2026-02-04 14:23:56,25.8,82.4,0.0,0.33
2026-02-04 14:23:59,25.8,82.3,0.0,0.33
2026-02-04 14:24:02,25.9,82.3,0.0,0.33
2026-02-04 14:24:05,25.8,82.2,0.0,0.33
2026-02-04 14:24:08,25.8,82.3,0.0,0.33
2026-02-04 14:24:11,25.9,82.3,0.0,0.33
2026-02-04 14:24:14,25.8,82.2,0.0,0.33
2026-02-04 14:24:17,25.9,82.3,0.0,0.33
2026-02-04 14:24:20,25.9,82.2,0.0,0.33
2026-02-04 14:24:23,25.9,82.3,0.0,0.33
2026-02-04 14:24:26,25.9,82.2,0.0,0.33
2026-02-04 14:24:29,25.9,82.2,0.0,0.33
2026-02-04 14:24:32,25.9,82.1,0.0,0.33
2026-02-04 14:24:35,25.9,82.0,0.0,0.33
2026-02-04 14:24:38,25.9,81.9,0.0,0.33
2026-02-04 14:24:41,25.9,81.8,0.0,0.33
2026-02-04 14:24:44,25.9,81.8,0.0,0.33
2026-02-04 14:24:47,25.9,81.7,0.0,0.33
2026-02-04 14:24:50,25.9,81.6,0.0,0.33
2026-02-04 14:24:53,25.9,81.6,0.0,0.33
2026-02-04 14:24:56,25.9,81.4,0.0,0.33
2026-02-04 14:24:59,25.9,81.3,0.0,0.33
2026-02-04 14:25:02,25.9,81.3,0.0,0.33
2026-02-04 14:25:05,25.9,81.1,0.0,0.33
2026-02-04 14:25:08,25.9,81.0,0.0,0.33
2026-02-04 14:25:11,25.9,80.9,0.0,0.33
2026-02-04 14:25:14,25.9,80.7,0.0,0.33
2026-02-04 14:25:17,25.9,80.5,0.0,0.33
2026-02-04 14:25:20,25.9,80.3,0.0,0.33
2026-02-04 14:25:23,25.9,80.1,0.0,0.33
2026-02-04 14:25:26,25.9,80.0,0.0,0.33
2026-02-04 14:25:29,25.9,79.9,0.0,0.33
2026-02-04 14:25:32,25.9,79.8,0.0,0.33
2026-02-04 14:39:23.781818,30.4,66.8,0.0,0.33
2026-02-04 14:39:27.046482,30.2,67.1,0.0,0.33
2026-02-04 14:39:29.846810,30.1,67.5,0.0,0.33
2026-02-04 14:39:32.798249,30.0,67.8,0.0,0.33
2026-02-04 14:39:35.991072,29.9,68.1,0.0,0.33
2026-02-04 14:39:38.860932,29.9,68.4,0.0,0.33
2026-02-04 14:39:41.827397,29.8,68.7,0.0,0.33
2026-02-04 14:39:44.899575,29.7,68.9,0.0,0.33
2026-02-04 14:39:47.873646,29.6,69.3,0.0,0.33
2026-02-04 14:39:50.817761,30.4,80.7,0.0,0.33
2026-02-04 14:39:53.810274,32.4,79.9,0.0,0.33
2026-02-04 14:39:56.771762,33.6,76.4,0.0,0.33
2026-02-04 14:39:59.851301,34.3,72.3,0.0,0.33
2026-02-04 14:40:02.913650,34.7,68.9,0.0,0.33
2026-02-04 14:40:05.793906,34.9,67.1,0.0,0.33
2026-02-04 14:40:09.122803,35.9,73.1,0.0,0.67
2026-02-04 14:40:11.935537,38.8,71.2,0.0,0.67
2026-02-04 14:40:14.909721,40.5,64.9,0.0,0.67
2026-02-04 14:40:17.782496,41.4,59.6,0.0,0.67
2026-02-04 14:40:21.046781,42.0,55.7,0.0,0.67
2026-02-04 14:40:23.798867,42.2,52.7,0.0,0.67
2026-02-04 14:40:26.798732,42.3,50.7,0.0,0.67
2026-02-04 14:40:29.815932,42.2,49.3,0.0,0.67
2026-02-04 14:40:32.880501,42.0,48.3,0.0,0.67
2026-02-04 14:40:35.908748,41.7,47.8,0.0,0.67
2026-02-04 14:40:38.884651,41.5,47.5,0.0,0.67
2026-02-04 14:40:41.784189,41.1,47.3,0.0,0.67
2026-02-04 14:40:45.822217,40.8,47.3,0.0,0.67
2026-02-04 14:40:48.288079,40.4,47.4,0.0,0.67
2026-02-04 14:40:50.957222,40.1,49.0,0.0,0.67
2026-02-04 14:40:54.094458,39.5,53.5,0.0,0.67
2026-02-04 14:40:56.886170,38.3,55.8,0.0,0.67
2026-02-04 14:41:00.333557,36.5,59.3,0.0,0.67
2026-02-04 14:41:02.946240,35.7,60.4,0.0,0.67
2026-02-04 14:41:05.900131,34.9,62.6,0.0,0.33
2026-02-04 14:41:08.951120,34.1,64.7,0.0,0.33
2026-02-04 14:41:12.044303,33.8,64.2,0.0,0.33
2026-02-04 14:41:15.023456,33.6,62.7,0.0,0.33
2026-02-04 14:41:17.907474,33.5,61.5,0.0,0.33
2026-02-04 14:41:20.767833,33.3,60.6,0.0,0.33
2026-02-04 14:41:23.786342,33.1,59.8,0.0,0.33
2026-02-04 14:41:27.374558,33.0,59.4,0.0,0.33
2026-02-04 14:41:29.861854,32.8,59.0,0.0,0.33
2026-02-04 14:41:32.944048,32.7,58.8,0.0,0.33
2026-02-04 14:41:35.801283,32.5,58.7,0.0,0.33
2026-02-04 14:41:38.871828,32.4,58.6,0.0,0.33
2026-02-04 14:41:41.847126,32.2,58.6,0.0,0.33
2026-02-04 14:41:45.060019,32.1,58.5,0.0,0.33
2026-02-04 14:41:47.790508,31.9,58.5,0.0,0.33
2026-02-04 14:41:50.855546,31.8,58.6,0.0,0.33
2026-02-04 14:41:53.812525,31.6,58.7,0.0,0.33
2026-02-04 14:41:56.894151,31.5,58.9,0.0,0.33
2026-02-04 14:41:59.879084,31.3,59.1,0.0,0.33
2026-02-04 14:42:02.865290,31.2,59.2,0.0,0.33
2026-02-04 14:42:05.826072,31.0,59.4,0.0,0.33
2026-02-04 14:42:08.874836,30.9,59.5,0.0,0.33
2026-02-04 14:42:11.820756,30.7,59.7,0.0,0.33
2026-02-04 14:42:15.055797,30.6,59.9,0.0,0.33
2026-02-04 14:42:17.823275,30.5,60.0,0.0,0.33
2026-02-04 14:42:20.860068,30.3,60.1,0.0,0.33
2026-02-04 14:42:23.839493,30.2,60.4,0.0,0.33
2026-02-04 14:42:26.790582,30.1,60.7,0.0,0.33
2026-02-04 14:42:29.877309,29.9,60.9,0.0,0.33
2026-02-04 14:42:33.002554,29.8,61.1,0.0,0.33
2026-02-04 14:42:35.849565,29.7,61.3,0.0,0.33
2026-02-04 14:42:39.197123,29.5,61.4,0.0,0.33
2026-02-04 14:42:41.921056,29.4,61.7,0.0,0.33
2026-02-04 14:42:44.877830,29.3,61.8,0.0,0.33
2026-02-04 14:42:47.890202,29.2,62.1,0.0,0.33
2026-02-04 14:42:50.876570,29.1,62.2,0.0,0.33
2026-02-04 14:42:53.832774,29.0,62.5,0.0,0.33
2026-02-04 14:42:56.905082,28.9,62.6,0.0,0.33
2026-02-04 14:42:59.783541,28.8,62.8,0.0,0.33
2026-02-04 14:43:02.840216,28.7,63.1,0.0,0.33
2026-02-04 14:43:05.924863,28.6,63.2,0.0,0.33
2026-02-04 14:43:09.411385,28.5,63.6,0.0,0.33
2026-02-04 14:43:11.886781,28.4,63.8,0.0,0.33
2026-02-04 14:43:14.965122,28.3,63.9,0.0,0.33
2026-02-04 14:43:17.798465,28.2,64.0,0.0,0.33
2026-02-04 14:43:20.869040,28.1,64.2,0.0,0.33
2026-02-04 14:43:23.835583,28.0,64.3,0.0,0.33
2026-02-04 14:43:26.905650,28.0,64.4,0.0,0.33
2026-02-04 14:43:29.870482,27.9,64.5,0.0,0.33
2026-02-04 14:43:33.377594,27.8,64.6,0.0,0.33
2026-02-04 14:43:35.832211,27.7,64.8,0.0,0.33
2026-02-04 14:43:38.989889,27.7,64.9,0.0,0.33
2026-02-04 14:43:41.959225,27.6,65.0,0.0,0.33
2026-02-04 14:43:44.863177,27.5,65.1,0.0,0.33
2026-02-04 14:43:47.814922,27.4,65.3,0.0,0.33
2026-02-04 14:43:50.872552,27.4,65.4,0.0,0.33
2026-02-04 14:43:53.839426,27.3,65.5,0.0,0.33
2026-02-04 14:43:56.796169,27.2,65.6,0.0,0.33
2026-02-04 14:43:59.877992,27.2,65.7,0.0,0.33
2026-02-04 14:44:02.850708,27.1,65.8,0.0,0.33
2026-02-04 14:44:05.785422,27.1,65.9,0.0,0.33
2026-02-04 14:44:08.761750,27.0,66.1,0.0,0.33
2026-02-04 14:44:11.769472,27.0,66.2,0.0,0.33
2026-02-04 14:44:14.939573,26.9,66.4,0.0,0.33
2026-02-04 14:44:17.907629,26.9,66.6,0.0,0.33
2026-02-04 14:44:20.877560,26.8,66.8,0.0,0.33
2026-02-04 14:44:23.919576,26.8,67.1,0.0,0.33
2026-02-04 14:44:26.821881,26.7,67.3,0.0,0.33
2026-02-04 14:44:29.881410,26.7,67.6,0.0,0.33
2026-02-04 14:44:32.788805,26.6,67.8,0.0,0.33
2026-02-04 14:44:35.829727,26.6,68.0,0.0,0.33
2026-02-04 14:44:38.807929,26.6,68.3,0.0,0.33
2026-02-04 14:44:41.902843,26.6,68.5,0.0,0.33
2026-02-04 14:44:44.836564,26.5,68.7,0.0,0.33
2026-02-04 14:44:47.861524,26.5,68.9,0.0,0.33
2026-02-04 14:44:50.924272,26.5,69.1,0.0,0.33
2026-02-04 14:44:53.829852,26.5,69.3,0.0,0.33
2026-02-04 14:44:56.816425,26.4,69.4,0.0,0.33
2026-02-04 14:44:59.828179,26.4,69.5,0.0,0.33
2026-02-04 14:45:02.957852,26.4,69.8,0.0,0.33
2026-02-04 14:45:05.860541,26.4,69.9,0.0,0.33
2026-02-04 14:45:08.919479,26.3,70.2,0.0,0.33
2026-02-04 14:45:11.869014,26.3,70.4,0.0,0.33
2026-02-04 14:45:14.841536,26.3,70.5,0.0,0.33
2026-02-04 14:45:17.932344,26.3,70.8,0.0,0.33
2026-02-04 14:45:20.895469,26.3,71.0,0.0,0.33
2026-02-04 14:45:23.760197,26.3,71.3,0.0,0.33
2026-02-04 14:45:26.797768,26.2,71.4,0.0,0.33
2026-02-04 14:45:30.039667,26.2,71.6,0.0,0.33
2026-02-04 14:45:32.836086,26.2,71.7,0.0,0.33
2026-02-04 14:45:36.031073,26.2,71.9,0.0,0.33
2026-02-04 14:45:38.901209,26.2,72.1,0.0,0.33
2026-02-04 14:45:41.869577,26.2,72.2,0.0,0.33
2026-02-04 14:45:44.890364,26.2,72.4,0.0,0.33
2026-02-04 14:45:47.922116,26.2,72.6,0.0,0.33
2026-02-04 14:45:51.034362,26.1,72.7,0.0,0.33
2026-02-04 14:45:53.853880,26.1,72.8,0.0,0.33
2026-02-04 14:45:56.917067,26.1,73.0,0.0,0.33
2026-02-04 14:45:59.803401,26.1,73.0,0.0,0.33
2026-02-04 14:46:02.862450,26.1,73.2,0.0,0.33
2026-02-04 14:46:05.942471,26.1,73.2,0.0,0.33
2026-02-04 14:46:09.008490,26.1,73.4,0.0,0.33
2026-02-04 14:46:11.875817,26.1,73.5,0.0,0.33
2026-02-04 14:46:15.048427,26.1,73.6,0.0,0.33
2026-02-04 14:46:17.818420,26.1,73.7,0.0,0.33
2026-02-04 14:46:21.009894,26.1,73.9,0.0,0.33
2026-02-04 14:46:23.855561,26.0,73.9,0.0,0.33
2026-02-04 14:46:26.825581,26.0,74.1,0.0,0.33
2026-02-04 14:46:29.999010,26.0,74.1,0.0,0.33
2026-02-04 14:46:33.040237,26.0,74.2,0.0,0.33
2026-02-04 14:46:35.894039,26.0,74.3,0.0,0.33
2026-02-04 14:46:38.909829,26.0,74.4,0.0,0.33
2026-02-04 14:46:41.877531,26.0,74.5,0.0,0.33
2026-02-04 14:46:44.824219,26.0,74.6,0.0,0.33
2026-02-04 14:46:47.869131,26.0,74.7,0.0,0.33
2026-02-04 14:46:50.891433,26.0,74.8,0.0,0.33
2026-02-04 14:46:53.868039,26.0,74.8,0.0,0.33
2026-02-04 14:46:56.833357,26.0,74.9,0.0,0.33
2026-02-04 14:46:59.800231,25.9,75.0,0.0,0.33
2026-02-04 14:47:02.880774,25.9,75.0,0.0,0.33
2026-02-04 14:47:05.843669,25.9,75.1,0.0,0.33
2026-02-04 14:47:08.911028,25.9,75.2,0.0,0.33
2026-02-04 14:47:11.920569,25.9,75.2,0.0,0.33
2026-02-04 14:47:14.952456,25.9,75.3,0.0,0.33
2026-02-04 14:47:17.938715,25.9,75.4,0.0,0.33
2026-02-04 14:47:20.790897,25.9,75.5,0.0,0.33
2026-02-04 14:47:23.877576,25.9,75.6,0.0,0.33
2026-02-04 14:47:26.831495,25.9,75.6,0.0,0.33
2026-02-04 14:47:29.803974,25.9,75.7,0.0,0.33
2026-02-04 14:47:32.836942,25.9,75.8,0.0,0.33
2026-02-04 14:47:35.882410,25.9,75.8,0.0,0.33
2026-02-04 14:47:38.943281,25.9,75.8,0.0,0.33
2026-02-04 14:47:41.988785,25.9,75.9,0.0,0.33
2026-02-04 14:47:44.957584,25.9,76.1,0.0,0.33
2026-02-04 14:47:48.080961,25.9,76.1,0.0,0.33
2026-02-04 14:47:51.009688,25.9,76.2,0.0,0.33
2026-02-04 14:47:55.205406,25.9,76.2,0.0,0.33
2026-02-04 14:47:56.939546,25.9,76.2,0.0,0.33
2026-02-04 14:48:00.164005,25.8,76.3,0.0,0.33
2026-02-04 14:48:02.880486,25.9,76.3,0.0,0.33
2026-02-04 14:48:06.156260,25.8,76.4,0.0,0.33
2026-02-04 14:48:08.993714,25.8,76.5,0.0,0.33
2026-02-04 14:48:11.889299,25.8,76.5,0.0,0.33
2026-02-04 14:48:14.863788,25.8,76.5,0.0,0.33
2026-02-04 14:48:17.829219,25.8,76.6,0.0,0.33
2026-02-04 14:48:20.808720,25.8,76.7,0.0,0.33
2026-02-04 14:48:23.769815,25.9,76.9,0.0,0.33
2026-02-04 14:48:26.839613,25.9,77.4,0.0,0.33
2026-02-04 14:48:29.810992,25.9,77.4,0.0,0.33
2026-02-04 14:48:32.878669,25.9,77.4,0.0,0.33
2026-02-04 14:48:35.852271,25.9,77.5,0.0,0.33
2026-02-04 14:48:38.923583,25.9,77.6,0.0,0.33
2026-02-04 14:48:41.786778,25.9,77.5,0.0,0.33
2026-02-04 14:48:44.945024,25.9,77.4,0.0,0.33
2026-02-04 14:48:47.776207,25.9,77.4,0.0,0.33
2026-02-04 14:48:50.907243,25.9,77.3,0.0,0.33
2026-02-04 14:48:53.872888,25.9,77.3,0.0,0.33
2026-02-04 14:48:56.848560,25.9,77.4,0.0,0.33
2026-02-04 14:48:59.915449,25.9,77.4,0.0,0.33
2026-02-04 14:49:02.983912,25.9,77.3,0.0,0.33
2026-02-04 14:49:05.960657,25.9,77.4,0.0,0.33
2026-02-04 14:49:08.824397,25.9,77.4,0.0,0.33
2026-02-04 14:49:12.104171,25.9,77.4,0.0,0.33
2026-02-04 14:49:14.863523,25.9,77.5,0.0,0.33
2026-02-04 14:49:17.937902,25.9,77.5,0.0,0.33
2026-02-04 14:49:20.765296,25.9,77.5,0.0,0.33
2026-02-04 14:49:23.984667,25.9,77.5,0.0,0.33
2026-02-04 14:49:26.803021,25.9,77.5,0.0,0.33
2026-02-04 14:49:29.918120,25.9,77.6,0.0,0.33
2026-02-04 14:49:32.895369,25.9,77.7,0.0,0.33
2026-02-04 14:49:35.770923,25.9,77.6,0.0,0.33
2026-02-04 14:49:38.900594,25.9,77.7,0.0,0.33
2026-02-04 14:49:41.782248,25.9,77.7,0.0,0.33
2026-02-04 14:49:44.795143,25.9,77.8,0.0,0.33
2026-02-04 14:49:47.846739,25.9,77.8,0.0,0.33
2026-02-04 14:49:50.826885,25.9,77.8,0.0,0.33
2026-02-04 14:49:53.788429,25.9,77.9,0.0,0.33
2026-02-04 14:49:56.819028,25.9,78.0,0.0,0.33
2026-02-04 14:49:59.795155,25.9,78.1,0.0,0.33
2026-02-04 14:50:03.097537,25.9,78.3,0.0,0.33
2026-02-04 14:50:05.835221,25.9,78.8,0.0,0.33
2026-02-04 14:50:09.365489,25.9,78.9,0.0,0.33
2026-02-04 14:50:11.805315,25.9,78.9,0.0,0.33
2026-02-04 14:50:14.976060,25.9,78.9,0.0,0.33
2026-02-04 14:50:17.845257,25.9,78.8,0.0,0.33
2026-02-04 14:50:20.800624,25.9,78.8,0.0,0.33
2026-02-04 14:50:23.890607,25.9,78.8,0.0,0.33
2026-02-04 14:50:26.856223,25.9,79.0,0.0,0.33
2026-02-04 14:50:30.032811,26.0,79.1,0.0,0.33
2026-02-04 14:50:33.921112,25.9,79.1,0.0,0.33
2026-02-04 14:50:36.482081,25.9,79.3,0.0,0.33
2026-02-04 14:50:39.660209,25.9,79.5,0.0,0.33
2026-02-04 14:50:45.696139,25.9,79.5,0.0,0.33
2026-02-04 14:50:45.766032,26.0,79.5,0.0,0.33
2026-02-04 14:50:48.270770,26.0,79.4,0.0,0.33
2026-02-04 14:50:54.096957,26.0,79.5,0.0,0.33
2026-02-04 14:50:55.012373,26.0,79.4,0.0,0.33
2026-02-04 14:50:56.822159,25.9,79.5,0.0,0.33
2026-02-04 14:50:59.890104,26.0,79.4,0.0,0.33
2026-02-04 14:51:02.901987,26.0,79.4,0.0,0.33
2026-02-04 14:51:05.872652,26.0,79.5,0.0,0.33
2026-02-04 14:51:09.061462,26.0,79.5,0.0,0.33
2026-02-04 14:51:11.806998,25.9,79.5,0.0,0.33
2026-02-04 14:51:14.859339,26.0,79.5,0.0,0.33
2026-02-04 14:51:18.039343,26.0,79.5,0.0,0.33
2026-02-04 14:51:21.550410,25.9,79.8,0.0,0.33
2026-02-04 14:51:24.204576,26.0,80.0,0.0,0.33
2026-02-04 14:51:26.964834,26.0,80.2,0.0,0.33
2026-02-04 14:51:29.828838,26.0,80.2,0.0,0.33
2026-02-04 14:51:33.110608,25.9,80.1,0.0,0.33
2026-02-04 14:51:35.976805,26.0,80.0,0.0,0.33
2026-02-04 14:51:38.951408,25.9,80.1,0.0,0.33
2026-02-04 14:51:41.816411,26.0,80.0,0.0,0.33
2026-02-04 14:51:44.780486,25.9,80.0,0.0,0.33
2026-02-04 14:51:47.846099,25.9,80.0,0.0,0.33
2026-02-04 14:51:50.826082,25.9,80.0,0.0,0.33
2026-02-04 14:51:53.795003,25.9,80.0,0.0,0.33
2026-02-04 14:51:56.866495,25.9,80.0,0.0,0.33
2026-02-04 14:52:00.412647,26.0,80.0,0.0,0.33
2026-02-04 14:52:03.420071,25.9,80.1,0.0,0.33
2026-02-04 14:52:06.252682,25.9,80.1,0.0,0.33
2026-02-04 14:52:08.860663,25.9,80.2,0.0,0.33
2026-02-04 14:52:11.921646,25.9,80.3,0.0,0.33
2026-02-04 14:52:14.992663,25.9,80.4,0.0,0.33
2026-02-04 14:52:17.827742,25.9,80.4,0.0,0.33
2026-02-04 14:52:39.349653,25.9,80.7,0.0,0.33
2026-02-04 14:52:42.336072,25.9,80.8,0.0,0.33
2026-02-04 14:52:45.203136,25.9,80.8,0.0,0.33
2026-02-04 14:52:48.280940,25.9,80.9,0.0,0.33
2026-02-04 14:52:51.135469,25.9,81.0,0.0,0.33
2026-02-04 14:52:54.213855,25.9,81.0,0.0,0.33
2026-02-04 14:52:57.179284,25.9,81.0,0.0,0.33
2026-02-04 14:53:00.171913,25.9,81.0,0.0,0.33
2026-02-04 14:53:03.146453,25.9,81.0,0.0,0.33
2026-02-04 14:53:06.198297,25.9,81.1,0.0,0.33
2026-02-04 14:53:09.164416,25.9,81.0,0.0,0.33
2026-02-04 14:53:12.232357,25.9,81.1,0.0,0.33
2026-02-04 14:53:15.202105,25.9,81.2,0.0,0.33
2026-02-04 14:53:18.277836,25.9,81.2,0.0,0.33
2026-02-04 14:53:21.252061,25.9,81.1,0.0,0.33
2026-02-04 14:53:48.781582,25.9,81.2,0.0,0.33
2026-02-04 14:53:51.762634,25.8,81.5,0.0,0.33
2026-02-04 14:53:54.848172,25.8,81.5,0.0,0.33
2026-02-04 14:53:57.817410,25.8,81.5,0.0,0.33
2026-02-04 14:54:00.757638,25.8,81.6,0.0,0.33
2026-02-04 14:54:03.845972,25.8,81.6,0.0,0.33
2026-02-04 14:54:06.678692,25.9,81.6,0.0,0.33
2026-02-04 14:54:09.782995,25.8,81.6,0.0,0.33
2026-02-04 14:54:12.754923,25.8,81.7,0.0,0.33
2026-02-04 14:54:15.721256,25.8,81.7,0.0,0.33
2026-02-04 14:54:18.795390,25.8,81.7,0.0,0.33
2026-02-04 14:54:21.768166,25.8,81.7,0.0,0.33
2026-02-04 14:54:24.772662,25.8,81.7,0.0,0.33
2026-02-04 14:54:27.703631,25.9,82.2,0.0,0.33
2026-02-04 14:54:30.875262,26.8,87.0,0.0,0.33
2026-02-04 14:54:33.747893,27.5,88.2,0.0,0.33
2026-02-04 14:54:36.921859,27.9,88.8,0.0,0.33
2026-02-04 14:54:39.785847,29.3,97.1,0.0,0.33
2026-02-04 14:54:42.962878,34.0,98.1,0.0,0.33
2026-02-04 14:54:45.834760,38.8,95.4,0.0,0.67
2026-02-04 14:54:48.988769,42.4,81.7,0.0,0.67
2026-02-04 14:54:51.769840,44.5,68.7,0.0,0.67
2026-02-04 14:54:55.023401,45.8,59.3,0.0,0.67
2026-02-04 14:54:58.077595,46.4,52.7,0.0,0.67
2026-02-04 14:55:00.780078,46.6,48.5,0.0,0.67
2026-02-04 14:55:03.785434,46.6,45.7,0.0,0.67
2026-02-04 14:55:06.725478,46.4,44.1,0.0,0.67
2026-02-04 14:55:09.718680,46.1,43.0,0.0,0.67
2026-02-04 14:55:12.864484,45.8,42.4,0.0,0.67
2026-02-04 14:55:15.731264,45.3,42.1,0.0,0.67
2026-02-04 14:55:18.658661,44.8,42.0,0.0,0.67
2026-02-04 14:55:21.875802,44.3,42.1,0.0,0.67
2026-02-04 14:55:24.847069,43.7,42.3,0.0,0.67
2026-02-04 14:55:27.708829,43.2,42.5,0.0,0.67
2026-02-04 14:55:31.011451,42.7,42.9,0.0,0.67
2026-02-04 14:55:33.716338,42.1,43.2,0.0,0.67
2026-02-04 14:55:36.934506,41.6,43.6,0.0,0.67
2026-02-04 14:55:39.795179,41.1,44.0,0.0,0.67
2026-02-04 14:55:42.969093,40.6,44.5,0.0,0.67
2026-02-04 14:55:45.763997,40.1,44.9,0.0,0.67
2026-02-04 14:55:48.805164,39.6,45.4,0.0,0.67
2026-02-04 14:55:51.774634,39.1,45.9,0.0,0.67
2026-02-04 14:55:54.757563,38.7,46.9,0.0,0.67
2026-02-04 14:55:57.741202,38.5,47.2,0.0,0.67
2026-02-04 14:56:00.897164,38.1,50.7,0.0,0.67
2026-02-04 14:56:03.735204,37.7,55.6,0.0,0.67
2026-02-04 14:56:06.724872,37.4,57.3,0.0,0.67
2026-02-04 14:56:09.830022,38.8,64.9,0.0,0.67
2026-02-04 14:56:12.774429,42.4,67.2,0.0,0.67
2026-02-04 14:56:15.742322,46.1,61.8,0.0,0.67
2026-02-04 14:56:18.738843,48.1,60.5,0.0,0.67
2026-02-04 14:56:21.797356,48.3,63.6,0.0,0.67
2026-02-04 14:56:24.772867,47.8,65.1,0.0,0.67
2026-02-04 14:56:27.642352,47.0,58.8,0.0,0.67
2026-02-04 14:56:30.686841,46.3,51.6,0.0,0.67
2026-02-04 14:56:33.715139,45.7,47.3,0.0,0.67
2026-02-04 14:56:36.780317,45.1,44.8,0.0,0.67
2026-02-04 14:56:39.730377,44.6,43.5,0.0,0.67
2026-02-04 14:56:42.695797,44.1,42.9,0.0,0.67
2026-02-04 14:56:45.757989,43.6,42.6,0.0,0.67
2026-02-04 14:56:48.710246,43.1,42.7,0.0,0.67
2026-02-04 14:56:51.768959,42.6,42.8,0.0,0.67
2026-02-04 14:56:54.817800,42.1,42.9,0.0,0.67
2026-02-04 14:56:57.722278,41.7,43.1,0.0,0.67
2026-02-04 14:57:00.689864,41.2,43.4,0.0,0.67
2026-02-04 14:57:03.764457,40.8,43.8,0.0,0.67
2026-02-04 14:57:06.778478,40.4,44.2,0.0,0.67
2026-02-04 14:57:09.908785,40.0,44.6,0.0,0.67
2026-02-04 14:57:12.718803,39.6,45.0,0.0,0.67
2026-02-04 14:57:15.715102,39.2,45.4,0.0,0.67
2026-02-04 14:57:18.754386,38.8,45.9,0.0,0.67
2026-02-04 14:57:21.815229,38.5,46.3,0.0,0.67
2026-02-04 14:57:24.802737,38.1,46.7,0.0,0.67
2026-02-04 14:57:27.745361,37.8,47.1,0.0,0.67
2026-02-04 14:57:30.705136,37.5,47.6,0.0,0.67
2026-02-04 14:57:33.796356,37.2,48.0,0.0,0.67
2026-02-04 14:57:36.736452,36.9,52.0,0.0,0.67
2026-02-04 14:57:39.708351,36.2,59.1,0.0,0.67
2026-02-04 14:57:42.777727,35.3,64.7,0.0,0.67
2026-02-04 14:57:47.155212,34.4,65.2,0.0,0.33
2026-02-04 14:57:48.722314,33.4,67.1,0.0,0.33
2026-02-04 14:57:51.795561,33.1,66.6,0.0,0.33
2026-02-04 14:57:54.863648,32.9,64.8,0.0,0.33
2026-02-04 14:57:57.733397,32.7,63.1,0.0,0.33
2026-02-04 14:58:00.774347,32.6,61.7,0.0,0.33
2026-02-04 14:58:04.403255,32.4,60.6,0.0,0.33
2026-02-04 14:58:06.922847,32.3,59.8,0.0,0.33
2026-02-04 14:58:09.881548,32.2,59.2,0.0,0.33
2026-02-04 14:58:12.839041,32.0,58.8,0.0,0.33
2026-02-04 14:58:15.751903,31.9,58.5,0.0,0.33
2026-02-04 14:58:18.735725,31.8,58.2,0.0,0.33
2026-02-04 14:58:21.859616,31.6,58.1,0.0,0.33
2026-02-04 14:58:24.783587,31.5,58.1,0.0,0.33
2026-02-04 14:58:27.868260,31.4,58.1,0.0,0.33
2026-02-04 14:58:30.864371,31.3,58.1,0.0,0.33
2026-02-04 14:58:33.748053,31.2,58.2,0.0,0.33
2026-02-04 14:58:36.642746,31.0,58.3,0.0,0.33
2026-02-04 14:58:39.861370,30.9,58.5,0.0,0.33
2026-02-04 14:58:42.683981,30.8,58.5,0.0,0.33
2026-02-04 14:58:45.853915,30.7,58.7,0.0,0.33
2026-02-04 14:58:48.827678,30.6,58.8,0.0,0.33
2026-02-04 14:58:51.667212,30.5,58.9,0.0,0.33
2026-02-04 14:58:54.675323,30.4,59.1,0.0,0.33
2026-02-04 14:58:57.735420,30.3,59.2,0.0,0.33
2026-02-04 14:59:00.775919,30.2,59.4,0.0,0.33
2026-02-04 14:59:03.779451,30.1,59.6,0.0,0.33
2026-02-04 14:59:07.261519,30.0,59.8,0.0,0.33
2026-02-04 14:59:09.982675,29.9,60.0,0.0,0.33
2026-02-04 14:59:12.802720,29.8,60.3,0.0,0.33
2026-02-04 14:59:15.930093,29.7,60.6,0.0,0.33
2026-02-04 14:59:18.954943,29.6,60.9,0.0,0.33
2026-02-04 14:59:21.828383,29.5,61.2,0.0,0.33
2026-02-04 14:59:24.781650,29.4,61.6,0.0,0.33
2026-02-04 14:59:27.815292,29.3,61.9,0.0,0.33
2026-02-04 14:59:30.729096,29.3,62.2,0.0,0.33
2026-02-04 14:59:33.673281,29.2,62.5,0.0,0.33
2026-02-04 14:59:36.843320,29.1,62.8,0.0,0.33
2026-02-04 14:59:39.830892,29.0,63.1,0.0,0.33
2026-02-04 14:59:42.905577,28.9,63.3,0.0,0.33
2026-02-04 14:59:45.835473,28.9,63.7,0.0,0.33
2026-02-04 14:59:48.709951,28.8,64.0,0.0,0.33
2026-02-04 14:59:51.819180,28.7,64.4,0.0,0.33
2026-02-04 14:59:54.774395,28.6,64.6,0.0,0.33
2026-02-04 14:59:59.280556,28.6,64.9,0.0,0.33
2026-02-04 15:00:00.736203,28.5,65.0,0.0,0.33
2026-02-04 15:00:03.709526,28.4,65.2,0.0,0.33
2026-02-04 15:00:06.773240,28.4,65.5,0.0,0.33
2026-02-04 15:00:10.035484,28.3,65.7,0.0,0.33
2026-02-04 15:00:12.712922,28.2,65.9,0.0,0.33
2026-02-04 15:00:15.685561,28.2,66.3,0.0,0.33
2026-02-04 15:00:18.750583,28.1,66.5,0.0,0.33
2026-02-04 15:00:21.674980,28.1,66.7,0.0,0.33
2026-02-04 15:00:24.675801,28.0,66.9,0.0,0.33
2026-02-04 15:00:39.965758,27.9,67.3,0.0,0.33
2026-02-04 15:00:42.849670,27.7,68.1,0.0,0.33
2026-02-04 15:00:45.722358,27.7,68.2,0.0,0.33
2026-02-04 15:00:48.723062,27.7,68.4,0.0,0.33
2026-02-04 15:00:51.671502,27.6,68.5,0.0,0.33
2026-02-04 15:00:54.802261,27.6,68.7,0.0,0.33
2026-02-04 15:00:57.767293,27.5,68.8,0.0,0.33
2026-02-04 15:01:00.833155,27.5,68.9,0.0,0.33
2026-02-04 15:01:03.693330,27.5,69.1,0.0,0.33
2026-02-04 15:01:06.880145,27.4,69.3,0.0,0.33
2026-02-04 15:01:09.706288,27.4,69.5,0.0,0.33
2026-02-04 15:01:12.683610,27.3,69.7,0.0,0.33
2026-02-04 15:01:15.779345,27.3,69.8,0.0,0.33
2026-02-04 15:01:18.847892,27.3,70.0,0.0,0.33
2026-02-04 15:01:21.814512,27.3,70.1,0.0,0.33
2026-02-04 15:01:24.786279,27.2,70.2,0.0,0.33
2026-02-04 15:01:27.961988,27.2,70.4,0.0,0.33
2026-02-04 15:01:30.826814,27.2,70.5,0.0,0.33
2026-02-04 15:01:33.756502,27.1,70.6,0.0,0.33
2026-02-04 15:01:36.765823,27.1,70.7,0.0,0.33
2026-02-04 15:01:39.735969,27.1,70.8,0.0,0.33
2026-02-04 15:01:42.712835,27.0,70.9,0.0,0.33
2026-02-04 15:01:46.017517,27.0,71.0,0.0,0.33
2026-02-04 15:01:48.848489,27.0,71.1,0.0,0.33
2026-02-04 15:01:51.718068,27.0,71.2,0.0,0.33
2026-02-04 15:01:54.789681,26.9,71.3,0.0,0.33
2026-02-04 15:01:57.723461,26.9,71.5,0.0,0.33
2026-02-04 15:02:00.871026,26.9,71.6,0.0,0.33
2026-02-04 15:02:03.775342,26.9,71.8,0.0,0.33
2026-02-04 15:02:06.673523,26.8,71.9,0.0,0.33
2026-02-04 15:02:10.140800,26.8,72.1,0.0,0.33
2026-02-04 15:02:12.945604,26.8,72.3,0.0,0.33
2026-02-04 15:02:15.784721,26.8,72.4,0.0,0.33
2026-02-04 15:02:18.757720,26.8,72.5,0.0,0.33
2026-02-04 15:02:21.852687,26.7,72.6,0.0,0.33
2026-02-04 15:02:24.821361,26.7,72.8,0.0,0.33
2026-02-04 15:02:27.901556,26.7,73.1,0.0,0.33
2026-02-04 15:02:30.763805,26.7,73.2,0.0,0.33
2026-02-04 15:02:33.707786,26.7,73.3,0.0,0.33
2026-02-04 15:02:36.777236,26.6,73.5,0.0,0.33
2026-02-04 15:02:39.693488,26.6,73.7,0.0,0.33
2026-02-04 15:02:42.869447,26.6,73.7,0.0,0.33
2026-02-04 15:02:45.702680,26.6,73.8,0.0,0.33
2026-02-04 15:02:48.685654,26.5,73.9,0.0,0.33
2026-02-04 15:02:51.826775,26.5,74.1,0.0,0.33
2026-02-04 15:02:54.795141,26.5,74.2,0.0,0.33
2026-02-04 15:02:57.765908,26.5,74.3,0.0,0.33
2026-02-04 15:03:00.706869,26.5,74.3,0.0,0.33
2026-02-04 15:03:03.817210,26.5,74.4,0.0,0.33
2026-02-04 15:03:06.688729,26.4,74.6,0.0,0.33
2026-02-04 15:03:09.773965,26.4,74.7,0.0,0.33
2026-02-04 15:03:12.957999,26.4,74.8,0.0,0.33
2026-02-04 15:03:15.866674,26.4,75.0,0.0,0.33
2026-02-04 15:03:18.839033,26.4,75.0,0.0,0.33
2026-02-04 15:03:21.838155,26.4,75.1,0.0,0.33
2026-02-04 15:03:24.766752,26.3,75.3,0.0,0.33
2026-02-04 15:03:27.768562,26.3,75.4,0.0,0.33
2026-02-04 15:03:30.847295,26.3,75.5,0.0,0.33
2026-02-04 15:03:33.685276,26.3,75.6,0.0,0.33
2026-02-04 15:03:36.782884,26.3,75.7,0.0,0.33
2026-02-04 15:03:39.956952,26.3,75.8,0.0,0.33
2026-02-04 15:03:42.822331,26.3,75.7,0.0,0.33
2026-02-04 15:03:45.690902,26.3,75.8,0.0,0.33
2026-02-04 15:03:48.796564,26.2,75.8,0.0,0.33
2026-02-04 15:03:51.732806,26.2,75.8,0.0,0.33
2026-02-04 15:03:54.686698,26.2,75.9,0.0,0.33
2026-02-04 15:03:57.777148,26.2,75.9,0.0,0.33
2026-02-04 15:04:00.967334,26.2,76.0,0.0,0.33
2026-02-04 15:04:03.813990,26.2,76.2,0.0,0.33
2026-02-04 15:04:06.786934,26.2,76.3,0.0,0.33
2026-02-04 15:04:09.652647,26.2,76.4,0.0,0.33
2026-02-04 15:04:12.741458,26.2,76.5,0.0,0.33
2026-02-04 15:04:15.720208,26.2,76.6,0.0,0.33
2026-02-04 15:04:18.782991,26.1,76.7,0.0,0.33
2026-02-04 15:04:21.714441,26.1,76.7,0.0,0.33
2026-02-04 15:04:24.706150,26.1,76.9,0.0,0.33
2026-02-04 15:04:27.771512,26.1,77.1,0.0,0.33
2026-02-04 15:04:31.070900,26.1,77.1,0.0,0.33
2026-02-04 15:04:33.687778,26.1,77.2,0.0,0.33
2026-02-04 15:04:36.724882,26.1,77.3,0.0,0.33
2026-02-04 15:04:39.750370,26.1,77.5,0.0,0.33
2026-02-04 15:04:42.758777,26.1,77.6,0.0,0.33
2026-02-04 15:04:45.697450,26.1,77.7,0.0,0.33
2026-02-04 15:04:48.770722,26.1,77.7,0.0,0.33
2026-02-04 15:04:51.841740,26.1,77.8,0.0,0.33
2026-02-04 15:04:54.713338,26.1,77.8,0.0,0.33
2026-02-04 15:04:57.681894,26.0,77.9,0.0,0.33
2026-02-04 15:05:00.797559,26.0,78.0,0.0,0.33
2026-02-04 15:05:03.719288,26.1,78.1,0.0,0.33
2026-02-04 15:05:06.689513,26.0,78.2,0.0,0.33
2026-02-04 15:05:09.766584,26.1,78.3,0.0,0.33
2026-02-04 15:05:12.829687,26.0,78.5,0.0,0.33
2026-02-04 15:05:15.822784,26.0,78.6,0.0,0.33
2026-02-04 15:05:18.786506,26.0,78.6,0.0,0.33
2026-02-04 15:05:21.750393,26.0,78.6,0.0,0.33
2026-02-04 15:05:24.814535,26.0,78.6,0.0,0.33
2026-02-04 15:05:27.680963,26.0,78.6,0.0,0.33
2026-02-04 15:05:30.661456,26.0,78.5,0.0,0.33
2026-02-04 15:05:33.680320,26.0,78.5,0.0,0.33
2026-02-04 15:05:36.696699,26.0,78.5,0.0,0.33
2026-02-04 15:05:39.653055,26.0,78.6,0.0,0.33
2026-02-04 15:05:42.749875,26.0,78.6,0.0,0.33
2026-02-04 15:05:48.587137,26.0,78.6,0.0,0.33
2026-02-04 15:05:48.780599,26.0,78.7,0.0,0.33
2026-02-04 15:05:52.678943,26.0,78.8,0.0,0.33
2026-02-04 15:05:55.340880,26.0,79.0,0.0,0.33
2026-02-04 15:05:57.787870,26.0,79.1,0.0,0.33
2026-02-04 15:06:00.774931,26.0,79.2,0.0,0.33
2026-02-04 15:06:03.930624,26.0,79.1,0.0,0.33
2026-02-04 15:06:06.697360,26.0,79.2,0.0,0.33
2026-02-04 15:06:09.781023,26.0,79.3,0.0,0.33
2026-02-04 15:06:12.795221,26.0,79.3,0.0,0.33
2026-02-04 15:06:15.705424,25.9,79.4,0.0,0.33
2026-02-04 15:06:18.677629,26.0,79.4,0.0,0.33
2026-02-04 15:06:21.756932,25.9,79.6,0.0,0.33
2026-02-04 15:06:25.133654,26.0,79.7,0.0,0.33
2026-02-04 15:06:27.688501,26.0,79.7,0.0,0.33
2026-02-04 15:06:30.761900,26.0,79.7,0.0,0.33
2026-02-04 15:06:33.667323,25.9,79.8,0.0,0.33
2026-02-04 15:06:36.800354,25.9,79.9,0.0,0.33
2026-02-04 15:06:39.801882,25.9,79.9,0.0,0.33
2026-02-04 15:06:42.899001,25.9,79.9,0.0,0.33
2026-02-04 15:06:46.038429,25.9,79.9,0.0,0.33
2026-02-04 15:06:48.688017,25.9,80.0,0.0,0.33
2026-02-04 15:06:51.846130,25.9,80.1,0.0,0.33
2026-02-04 15:06:54.823408,25.9,80.1,0.0,0.33
2026-02-04 15:06:57.708208,25.9,80.2,0.0,0.33
2026-02-04 15:07:00.803254,25.9,80.2,0.0,0.33
2026-02-04 15:07:03.650791,25.9,80.2,0.0,0.33
2026-02-04 15:07:06.718863,25.9,80.3,0.0,0.33
2026-02-04 15:07:09.834489,25.9,80.2,0.0,0.33
2026-02-04 15:07:12.711820,25.9,80.3,0.0,0.33
2026-02-04 15:07:16.066434,25.9,80.5,0.0,0.33
2026-02-04 15:07:18.720755,25.9,80.6,0.0,0.33
2026-02-04 15:07:21.979091,25.9,80.7,0.0,0.33
2026-02-04 15:07:24.832174,25.9,80.7,0.0,0.33
2026-02-04 15:07:27.726670,25.9,80.8,0.0,0.33
2026-02-04 15:07:30.664709,25.9,80.9,0.0,0.33
2026-02-04 15:07:33.711301,25.9,80.9,0.0,0.33
2026-02-04 15:07:36.726373,25.9,81.0,0.0,0.33
2026-02-04 15:07:39.779704,25.9,81.0,0.0,0.33
2026-02-04 15:07:42.684792,25.9,81.1,0.0,0.33
2026-02-04 15:07:45.719279,25.9,81.0,0.0,0.33
2026-02-04 15:07:48.679251,25.9,81.1,0.0,0.33
2026-02-04 15:07:51.672336,25.9,81.2,0.0,0.33
2026-02-04 15:07:54.729362,25.9,81.2,0.0,0.33
2026-02-04 15:07:57.699610,25.9,81.2,0.0,0.33
2026-02-04 15:08:00.773786,25.9,81.3,0.0,0.33
2026-02-04 15:08:03.843370,25.9,81.2,0.0,0.33
2026-02-04 15:08:06.766099,25.9,81.8,0.0,0.33
2026-02-04 15:08:09.700799,25.9,82.6,0.0,0.33
2026-02-04 15:08:12.737307,26.0,82.5,0.0,0.33
2026-02-04 15:08:15.725032,26.0,82.7,0.0,0.33
2026-02-04 15:08:18.838563,26.1,83.8,0.0,0.33
2026-02-04 15:08:21.701407,27.9,100.0,0.0,0.33
2026-02-04 15:08:24.711971,32.0,100.0,0.0,0.33
2026-02-04 15:08:27.807427,34.4,100.0,0.0,0.33
2026-02-04 15:08:30.775518,35.3,100.0,0.0,0.67
2026-02-04 15:08:33.676816,35.8,96.8,0.0,0.67
2026-02-04 15:08:36.834436,35.9,91.4,0.0,0.67
2026-02-04 15:08:39.748411,36.0,83.2,0.0,0.67
2026-02-04 15:08:42.758652,36.0,76.3,0.0,0.67
2026-02-04 15:08:46.120186,36.0,71.2,0.0,0.67
2026-02-04 15:08:48.696644,35.9,67.6,0.0,0.67
2026-02-04 15:08:51.848469,35.9,65.0,0.0,0.67
2026-02-04 15:08:54.738688,35.7,63.1,0.0,0.67
2026-02-04 15:08:57.709451,35.5,61.7,0.0,0.67
2026-02-04 15:09:00.689303,35.3,60.9,0.0,0.67
2026-02-04 15:09:03.789417,35.1,66.0,0.0,0.67
2026-02-04 15:09:06.728834,34.6,72.2,0.0,0.33
2026-02-04 15:09:09.688501,33.9,73.6,0.0,0.33
2026-02-04 15:09:12.659870,33.4,77.8,0.0,0.33
2026-02-04 15:09:15.731678,33.1,76.9,0.0,0.33
2026-02-04 15:09:19.014039,32.9,74.4,0.0,0.33
2026-02-04 15:09:21.678085,32.7,77.4,0.0,0.33
2026-02-04 15:09:24.745609,32.4,81.1,0.0,0.33
2026-02-04 15:09:27.711420,32.1,81.3,0.0,0.33
2026-02-04 15:09:30.717033,31.9,78.7,0.0,0.33
2026-02-04 15:09:33.793878,31.7,76.4,0.0,0.33
2026-02-04 15:09:36.722660,31.5,74.6,0.0,0.33
2026-02-04 15:09:39.791884,31.3,73.2,0.0,0.33
2026-02-04 15:09:42.766364,31.2,72.0,0.0,0.33
2026-02-04 15:09:45.752591,31.0,71.2,0.0,0.33
2026-02-04 15:09:48.994895,30.9,70.6,0.0,0.33
2026-02-04 15:09:51.780633,30.7,70.1,0.0,0.33
2026-02-04 15:09:54.845328,30.6,69.7,0.0,0.33
2026-02-04 15:09:57.824283,30.5,69.5,0.0,0.33
2026-02-04 15:10:00.870769,30.3,69.4,0.0,0.33
2026-02-04 15:10:03.762216,30.2,69.3,0.0,0.33
2026-02-04 15:10:06.726775,30.1,69.2,0.0,0.33
2026-02-04 15:10:09.715198,29.9,69.2,0.0,0.33
2026-02-04 15:10:12.801846,29.8,69.2,0.0,0.33
2026-02-04 15:10:16.018398,29.7,69.2,0.0,0.33
2026-02-04 15:10:18.705728,29.6,69.5,0.0,0.33
2026-02-04 15:10:21.729055,29.5,70.9,0.0,0.33
2026-02-04 15:10:24.762472,31.4,97.6,0.0,0.33
2026-02-04 15:10:27.821537,35.8,89.0,0.0,0.67
2026-02-04 15:10:31.044060,40.3,85.0,0.0,0.67
2026-02-04 15:10:33.935832,43.3,72.9,0.0,0.67
2026-02-04 15:10:36.782733,45.1,61.9,0.0,0.67
2026-02-04 15:10:39.810207,46.1,54.4,0.0,0.67
2026-02-04 15:10:42.771029,46.6,49.2,0.0,0.67
2026-02-04 15:10:45.741073,46.8,46.0,0.0,0.67
2026-02-04 15:10:48.756104,46.8,44.0,0.0,0.67
2026-02-04 15:10:51.732146,46.6,42.8,0.0,0.67
2026-02-04 15:10:54.779589,46.2,42.0,0.0,0.67
2026-02-04 15:10:57.786260,45.9,41.7,0.0,0.67
2026-02-04 15:11:00.694949,45.4,41.5,0.0,0.67
2026-02-04 15:11:06.918553,44.9,41.5,0.0,0.67
2026-02-04 15:11:06.925764,44.4,41.8,0.0,0.67
2026-02-04 15:11:09.969196,43.9,42.0,0.0,0.67
2026-02-04 15:11:12.778879,43.4,42.3,0.0,0.67
2026-02-04 15:11:15.848474,42.6,45.3,0.0,0.67
2026-02-04 15:11:18.887565,41.2,50.3,0.0,0.67
2026-02-04 15:11:21.742620,40.8,52.3,0.0,0.67
2026-02-04 15:11:24.692503,39.8,54.8,0.0,0.67
2026-02-04 15:11:27.980121,38.4,62.8,0.0,0.67
2026-02-04 15:11:30.782891,38.0,64.9,0.0,0.67
2026-02-04 15:11:33.674123,37.6,75.1,0.0,0.67
2026-02-04 15:11:36.740112,36.9,78.0,0.0,0.67
2026-02-04 15:11:39.833696,36.3,78.8,0.0,0.67
2026-02-04 15:11:42.715314,35.4,79.4,0.0,0.67
2026-02-04 15:11:45.767513,34.9,79.8,0.0,0.33
2026-02-04 15:11:48.720895,34.3,78.4,0.0,0.33
2026-02-04 15:11:51.791568,34.0,76.3,0.0,0.33
2026-02-04 15:11:54.862125,33.8,72.8,0.0,0.33
2026-02-04 15:11:58.449195,33.7,69.5,0.0,0.33
2026-02-04 15:12:00.699345,33.5,67.0,0.0,0.33
2026-02-04 15:12:03.681978,33.3,65.0,0.0,0.33
2026-02-04 15:12:06.813732,33.2,63.5,0.0,0.33
2026-02-04 15:12:09.876733,33.0,62.4,0.0,0.33
2026-02-04 15:12:12.793883,32.9,61.5,0.0,0.33
2026-02-04 15:12:15.755605,32.7,60.7,0.0,0.33
2026-02-04 15:12:18.734295,32.6,60.3,0.0,0.33
2026-02-04 15:12:21.845291,32.4,60.0,0.0,0.33
2026-02-04 15:12:24.760490,32.3,59.7,0.0,0.33
2026-02-04 15:12:27.734216,32.1,59.5,0.0,0.33
2026-02-04 15:12:30.830119,32.0,59.6,0.0,0.33
2026-02-04 15:12:33.690757,31.9,59.4,0.0,0.33
2026-02-04 15:12:37.225840,31.8,59.3,0.0,0.33
2026-02-04 15:12:39.821014,31.6,59.4,0.0,0.33
2026-02-04 15:12:42.822087,31.5,59.4,0.0,0.33
2026-02-04 15:12:46.181249,31.4,59.5,0.0,0.33
2026-02-04 15:12:48.930471,31.3,59.6,0.0,0.33
2026-02-04 15:12:51.807833,31.1,59.7,0.0,0.33
2026-02-04 15:12:54.813594,31.0,59.7,0.0,0.33
2026-02-04 15:12:57.738875,30.9,59.9,0.0,0.33
2026-02-04 15:13:00.654819,30.8,60.0,0.0,0.33
2026-02-04 15:13:03.717561,30.7,60.0,0.0,0.33
2026-02-04 15:13:06.988173,30.6,60.0,0.0,0.33
2026-02-04 15:13:09.717953,30.5,60.1,0.0,0.33
2026-02-04 15:13:12.792034,30.4,60.2,0.0,0.33
2026-02-04 15:13:15.657474,30.3,60.2,0.0,0.33
2026-02-04 15:13:18.872366,30.2,60.3,0.0,0.33
2026-02-04 15:13:21.712503,30.1,60.4,0.0,0.33
2026-02-04 15:13:24.773162,30.0,60.5,0.0,0.33
2026-02-04 15:13:27.652265,29.9,60.6,0.0,0.33
2026-02-04 15:13:30.711361,29.7,60.7,0.0,0.33
2026-02-04 15:13:33.830769,29.6,60.8,0.0,0.33
2026-02-04 15:13:36.753133,29.5,60.9,0.0,0.33
2026-02-04 15:13:39.882644,29.4,61.1,0.0,0.33
2026-02-04 15:13:42.882541,29.4,61.2,0.0,0.33
2026-02-04 15:13:45.660394,29.3,61.4,0.0,0.33
2026-02-04 15:13:48.711342,29.2,61.6,0.0,0.33
2026-02-04 15:13:51.709458,29.1,61.7,0.0,0.33
2026-02-04 15:13:54.648595,29.0,61.8,0.0,0.33
2026-02-04 15:13:57.744950,28.9,61.9,0.0,0.33
2026-02-04 15:14:00.645482,28.8,62.1,0.0,0.33
2026-02-04 15:14:03.730749,28.7,62.3,0.0,0.33
2026-02-04 15:14:06.755656,28.7,62.4,0.0,0.33
2026-02-04 15:14:09.757583,28.6,62.5,0.0,0.33
2026-02-04 15:14:12.694273,28.5,62.7,0.0,0.33
2026-02-04 15:14:15.655723,28.5,63.0,0.0,0.33
2026-02-04 15:14:18.666226,28.4,63.1,0.0,0.33
2026-02-04 15:14:21.737433,28.3,63.1,0.0,0.33
2026-02-04 15:14:25.008167,28.2,63.6,0.0,0.33
2026-02-04 15:14:27.976981,28.2,64.6,0.0,0.33
2026-02-04 15:14:30.717062,28.1,64.6,0.0,0.33
2026-02-04 15:14:33.926521,28.0,64.9,0.0,0.33
2026-02-04 15:14:36.734196,28.0,65.5,0.0,0.33
2026-02-04 15:14:39.728977,27.9,65.4,0.0,0.33
2026-02-04 15:14:42.811828,27.9,65.5,0.0,0.33
2026-02-04 15:14:45.684301,27.8,65.6,0.0,0.33
2026-02-04 15:14:48.750963,27.7,65.7,0.0,0.33
2026-02-04 15:14:51.928582,27.7,65.8,0.0,0.33
2026-02-04 15:14:54.936351,27.6,66.0,0.0,0.33
2026-02-04 15:14:57.788696,27.6,66.2,0.0,0.33
2026-02-04 15:15:00.725664,27.5,66.4,0.0,0.33
2026-02-04 15:15:03.774997,27.5,66.6,0.0,0.33
2026-02-04 15:15:06.801775,27.4,66.9,0.0,0.33
2026-02-04 15:15:09.945002,27.4,67.1,0.0,0.33
2026-02-04 15:15:12.731429,27.3,67.4,0.0,0.33
2026-02-04 15:15:15.673709,27.3,68.1,0.0,0.33
2026-02-04 15:15:18.784150,27.2,68.5,0.0,0.33
2026-02-04 15:15:21.697878,27.2,68.7,0.0,0.33
2026-02-04 15:15:24.686647,27.2,68.8,0.0,0.33
2026-02-04 15:15:27.758885,27.1,69.0,0.0,0.33
2026-02-04 15:15:30.836229,27.1,69.2,0.0,0.33
2026-02-04 15:15:33.698741,27.1,69.6,0.0,0.33
2026-02-04 15:15:36.777994,27.0,69.7,0.0,0.33
2026-02-04 15:15:39.689778,27.0,69.9,0.0,0.33
2026-02-04 15:15:42.808496,27.0,70.2,0.0,0.33
2026-02-04 15:15:45.721675,27.0,70.6,0.0,0.33
2026-02-04 15:19:41.244953,-50.0,0.0,0.0,0.67
2026-02-04 15:19:44.171627,26.2,77.2,0.0,0.33
2026-02-04 15:19:47.062855,26.2,77.4,0.0,0.33
2026-02-04 15:19:50.077217,26.2,77.6,0.0,0.33
2026-02-04 15:19:53.079300,26.2,77.6,0.0,0.33
2026-02-04 15:19:56.222701,26.2,77.6,0.0,0.33
2026-02-04 15:19:59.141267,26.2,77.5,0.0,0.33
2026-02-04 15:20:01.988956,26.2,77.5,0.0,0.33
2026-02-04 15:20:05.089991,26.2,77.4,0.0,0.33
2026-02-04 15:20:08.014916,26.2,77.3,0.0,0.33
2026-02-04 15:20:11.156444,26.2,77.3,0.0,0.33
2026-02-04 15:20:14.380688,26.2,77.3,0.0,0.33
2026-02-04 15:20:17.129272,26.2,77.2,0.0,0.33
2026-02-04 15:20:20.110630,26.2,77.2,0.0,0.33
2026-02-04 15:20:23.099624,26.2,77.3,0.0,0.33
2026-02-04 15:20:26.081320,26.2,77.4,0.0,0.33
2026-02-04 15:20:29.022966,26.2,78.1,0.0,0.33
2026-02-04 15:20:32.008687,26.2,78.6,0.0,0.33
2026-02-04 15:20:35.081542,26.4,81.1,0.0,0.33
2026-02-04 15:20:38.033905,27.9,88.7,0.0,0.33
2026-02-04 15:20:41.265094,30.4,93.9,0.0,0.33
2026-02-04 15:20:44.139687,33.0,95.7,0.0,0.33
2026-02-04 15:20:47.318302,36.8,98.8,0.0,0.67
2026-02-04 15:21:46.719569,45.5,41.6,0.0,0.67
2026-02-04 15:21:49.496622,44.2,43.5,0.0,0.67
2026-02-04 15:21:52.698858,43.7,44.2,0.0,0.67
2026-02-04 15:21:55.477783,43.3,45.0,0.0,0.67
2026-02-04 15:24:48.711987,31.5,85.0,0.0,0.33
2026-02-04 15:24:51.738109,31.2,76.8,0.0,0.33
2026-02-04 15:24:54.764716,31.1,75.0,0.0,0.33
2026-02-04 15:24:57.928813,31.1,73.9,0.0,0.33
2026-02-04 15:25:49.071297,29.8,69.7,0.0,0.33
2026-02-04 15:25:51.893610,29.6,69.7,0.0,0.33
2026-02-04 15:25:54.980441,29.5,69.7,0.0,0.33
2026-02-04 15:25:57.881425,29.4,69.8,0.0,0.33
2026-02-04 15:26:00.819403,29.4,69.8,0.0,0.33
2026-02-04 15:26:04.027492,29.3,69.9,0.0,0.33
2026-02-04 15:26:06.850826,29.2,69.8,0.0,0.33
2026-02-04 15:26:09.839456,29.2,69.8,0.0,0.33
2026-02-04 15:26:12.897856,29.1,69.7,0.0,0.33
2026-02-04 15:26:15.781243,29.1,70.4,0.0,0.33
2026-02-04 15:26:18.839912,29.0,71.1,0.0,0.33
2026-02-04 15:26:21.832785,29.4,75.4,0.0,0.33
2026-02-04 15:26:25.157965,32.1,87.5,0.0,0.33
2026-02-04 15:26:27.933168,35.8,89.4,0.0,0.67
2026-02-04 15:26:30.953452,38.6,81.1,0.0,0.67
2026-02-04 15:26:34.087362,40.5,71.7,0.0,0.67
2026-02-04 15:26:37.102717,41.8,63.9,0.0,0.67
2026-02-04 15:26:39.922900,42.6,58.0,0.0,0.67
2026-02-04 15:26:42.800257,43.2,53.7,0.0,0.67
2026-02-04 15:26:46.197876,43.5,50.6,0.0,0.67
2026-02-04 15:26:48.830480,43.6,48.5,0.0,0.67
2026-02-04 15:26:51.906970,43.6,47.0,0.0,0.67
2026-02-04 15:26:54.908893,43.6,45.9,0.0,0.67
2026-02-04 15:26:57.841080,43.4,45.3,0.0,0.67
2026-02-04 15:27:00.837318,43.1,44.8,0.0,0.67
2026-02-04 15:27:03.987609,42.9,44.6,0.0,0.67
2026-02-04 15:27:06.854223,42.6,44.5,0.0,0.67
2026-02-04 15:27:10.043317,42.2,44.6,0.0,0.67
2026-02-04 15:27:12.902323,41.9,44.7,0.0,0.67
2026-02-04 15:27:15.980306,41.5,45.0,0.0,0.67
2026-02-04 15:27:18.868892,41.2,45.2,0.0,0.67
2026-02-04 15:27:22.023480,40.8,45.5,0.0,0.67
2026-02-04 15:27:24.816376,40.5,45.8,0.0,0.67
2026-02-04 15:27:27.849215,40.1,46.1,0.0,0.67
2026-02-04 15:27:30.822079,39.8,46.3,0.0,0.67
2026-02-04 15:27:33.968011,39.4,46.6,0.0,0.67
2026-02-04 15:27:36.982085,39.0,47.0,0.0,0.67
2026-02-04 15:27:39.872060,38.7,47.3,0.0,0.67
2026-02-04 15:27:42.940481,38.4,47.7,0.0,0.67
2026-02-04 15:27:45.938358,38.1,48.1,0.0,0.67
2026-02-04 15:28:23.149311,34.1,58.2,0.0,0.33
2026-02-04 15:28:26.049769,33.5,57.4,0.0,0.33
2026-02-04 15:28:29.092811,33.4,57.6,0.0,0.33
2026-02-04 15:28:32.078632,33.2,57.4,0.0,0.33
2026-02-04 15:28:35.154788,33.0,57.1,0.0,0.33
2026-02-04 15:28:38.210823,32.8,57.0,0.0,0.33
2026-02-04 15:28:41.108812,32.7,56.9,0.0,0.33
2026-02-04 15:28:44.149246,32.5,56.9,0.0,0.33
2026-02-04 15:28:47.122822,32.4,56.9,0.0,0.33
2026-02-04 15:28:50.162472,32.2,57.0,0.0,0.33
2026-02-04 15:28:53.048503,32.1,57.2,0.0,0.33
2026-02-04 15:28:56.172445,31.9,57.7,0.0,0.33
2026-02-04 15:28:59.056876,31.8,58.0,0.0,0.33
2026-02-04 15:29:02.069428,31.7,58.1,0.0,0.33
2026-02-04 15:29:05.134465,31.5,58.2,0.0,0.33
2026-02-04 15:29:08.109807,31.4,58.5,0.0,0.33
2026-02-04 15:29:11.083578,31.9,66.8,0.0,0.33
2026-02-04 15:29:14.144241,36.5,86.6,0.0,0.67
2026-02-04 15:30:07.636856,45.4,38.8,0.0,1.0
2026-02-04 15:30:10.563536,44.0,40.3,0.0,0.67
2026-02-04 15:30:13.540595,43.6,40.6,0.0,0.67
2026-02-04 15:30:16.611796,43.1,40.9,0.0,0.67
2026-02-04 15:30:19.572795,42.6,41.3,0.0,0.67
2026-02-04 15:30:22.568851,42.2,41.7,0.0,0.67
2026-02-04 15:30:25.663866,41.7,42.1,0.0,0.67
2026-02-04 15:30:28.509918,41.3,42.5,0.0,0.67
